output_file,sep_index,slice_start,event_timestamp,class_label,matched_warning_time,matched_warning_delta_minutes,warning_count,notes
oneoutput/original_release_outputs/release_gsep_sc22_ts__1986-02-03_21-25.json,gsep_001,1986-02-03 21:25:00,1986-02-04 09:25:00,close,1986-02-04 09:25:00,0.00,56,
oneoutput/original_release_outputs/release_gsep_sc22_ts__1986-02-05_05-50.json,gsep_002,1986-02-05 05:50:00,1986-02-05 17:50:00,not_found,,,42,
oneoutput/original_release_outputs/release_gsep_sc22_ts__1986-02-05_23-00.json,gsep_003,1986-02-05 23:00:00,1986-02-06 11:00:00,close,1986-02-06 10:10:00,-50.00,15,
oneoutput/original_release_outputs/release_gsep_sc22_ts__1986-02-07_01-00.json,gsep_004,1986-02-07 01:00:00,1986-02-07 13:00:00,not_found,,,0,
oneoutput/original_release_outputs/release_gsep_sc22_ts__1986-02-10_09-00.json,gsep_005,1986-02-10 09:00:00,1986-02-10 21:00:00,close,1986-02-10 20:55:00,-5.00,98,
oneoutput/original_release_outputs/release_gsep_sc22_ts__1986-02-14_02-20.json,gsep_006,1986-02-14 02:20:00,1986-02-14 14:20:00,close,1986-02-14 13:30:00,-50.00,39,
oneoutput/original_release_outputs/release_gsep_sc22_ts__1986-02-16_14-20.json,gsep_006_1,1986-02-16 14:20:00,1986-02-17 02:20:00,not_found,,,15,
oneoutput/original_release_outputs/release_gsep_sc22_ts__1986-03-06_06-25.json,gsep_007,1986-03-06 06:25:00,1986-03-06 18:25:00,not_found,,,10,
oneoutput/original_release_outputs/release_gsep_sc22_ts__1986-05-04_01-00.json,gsep_008,1986-05-04 01:00:00,1986-05-04 13:00:00,close,1986-05-04 12:35:00,-25.00,21,
oneoutput/original_release_outputs/release_gsep_sc22_ts__1987-05-29_05-25.json,gsep_008_1,1987-05-29 05:25:00,1987-05-29 17:25:00,not_found,,,0,
oneoutput/original_release_outputs/release_gsep_sc22_ts__1987-11-07_19-50.json,gsep_009,1987-11-07 19:50:00,1987-11-08 07:50:00,close,1987-11-08 07:40:00,-10.00,9,
oneoutput/original_release_outputs/release_gsep_sc22_ts__1987-12-29_14-15.json,gsep_010,1987-12-29 14:15:00,1987-12-30 02:15:00,not_found,,,0,
oneoutput/original_release_outputs/release_gsep_sc22_ts__1988-01-02_15-55.json,gsep_011,1988-01-02 15:55:00,1988-01-03 03:55:00,close,1988-01-03 03:35:00,-20.00,9,
oneoutput/original_release_outputs/release_gsep_sc22_ts__1988-03-25_10-50.json,gsep_012,1988-03-25 10:50:00,1988-03-25 22:50:00,not_found,,,0,
oneoutput/original_release_outputs/release_gsep_sc22_ts__1988-06-14_17-20.json,gsep_013,1988-06-14 17:20:00,1988-06-15 05:20:00,not_found,,,0,
oneoutput/original_release_outputs/release_gsep_sc22_ts__1988-06-29_23-25.json,gsep_014,1988-06-29 23:25:00,1988-06-30 11:25:00,close,1988-06-30 10:40:00,-45.00,10,
oneoutput/original_release_outputs/release_gsep_sc22_ts__1988-07-19_19-00.json,gsep_015,1988-07-19 19:00:00,1988-07-20 07:00:00,not_found,,,47,
oneoutput/original_release_outputs/release_gsep_sc22_ts__1988-07-26_09-40.json,gsep_016,1988-07-26 09:40:00,1988-07-26 21:40:00,close,1988-07-26 21:30:00,-10.00,33,
oneoutput/original_release_outputs/release_gsep_sc22_ts__1988-08-25_01-55.json,gsep_017,1988-08-25 01:55:00,1988-08-25 13:55:00,not_found,,,0,
oneoutput/original_release_outputs/release_gsep_sc22_ts__1988-09-27_09-20.json,gsep_017_1,1988-09-27 09:20:00,1988-09-27 21:20:00,not_found,,,6,
oneoutput/original_release_outputs/release_gsep_sc22_ts__1988-10-04_20-55.json,gsep_017_2,1988-10-04 20:55:00,1988-10-05 08:55:00,not_found,,,0,
oneoutput/original_release_outputs/release_gsep_sc22_ts__1988-10-11_18-45.json,gsep_018,1988-10-11 18:45:00,1988-10-12 06:45:00,not_found,,,10,
oneoutput/original_release_outputs/release_gsep_sc22_ts__1988-10-13_10-00.json,gsep_018_1,1988-10-13 10:00:00,1988-10-13 22:00:00,close,1988-10-13 21:35:00,-25.00,66,
oneoutput/original_release_outputs/release_gsep_sc22_ts__1988-11-08_01-50.json,gsep_019,1988-11-08 01:50:00,1988-11-08 13:50:00,close,1988-11-08 13:25:00,-25.00,9,
oneoutput/original_release_outputs/release_gsep_sc22_ts__1988-11-13_13-30.json,gsep_020,1988-11-13 13:30:00,1988-11-14 01:30:00,not_found,,,0,
oneoutput/original_release_outputs/release_gsep_sc22_ts__1988-12-12_23-10.json,gsep_020_1,1988-12-12 23:10:00,1988-12-13 11:10:00,not_found,,,0,
oneoutput/original_release_outputs/release_gsep_sc22_ts__1988-12-14_00-10.json,gsep_021,1988-12-14 00:10:00,1988-12-14 12:10:00,not_found,,,0,
oneoutput/original_release_outputs/release_gsep_sc22_ts__1988-12-15_21-40.json,gsep_022,1988-12-15 21:40:00,1988-12-16 09:40:00,not_found,,,6,
oneoutput/original_release_outputs/release_gsep_sc22_ts__1988-12-26_20-55.json,gsep_022_1,1988-12-26 20:55:00,1988-12-27 08:55:00,not_found,,,16,
oneoutput/original_release_outputs/release_gsep_sc22_ts__1988-12-28_12-45.json,gsep_022_2,1988-12-28 12:45:00,1988-12-29 00:45:00,not_found,,,12,
oneoutput/original_release_outputs/release_gsep_sc22_ts__1989-01-04_09-15.json,gsep_023,1989-01-04 09:15:00,1989-01-04 21:15:00,close,1989-01-04 21:25:00,10.00,47,
oneoutput/original_release_outputs/release_gsep_sc22_ts__1989-03-08_05-55.json,gsep_024,1989-03-08 05:55:00,1989-03-08 17:55:00,close,1989-03-08 17:50:00,-5.00,53,
oneoutput/original_release_outputs/release_gsep_sc22_ts__1989-03-12_07-25.json,gsep_025,1989-03-12 07:25:00,1989-03-12 19:25:00,not_found,,,0,
oneoutput/original_release_outputs/release_gsep_sc22_ts__1989-03-17_07-00.json,gsep_026,1989-03-17 07:00:00,1989-03-17 19:00:00,close,1989-03-17 18:55:00,-5.00,4,
oneoutput/original_release_outputs/release_gsep_sc22_ts__1989-03-23_08-55.json,gsep_027,1989-03-23 08:55:00,1989-03-23 20:55:00,not_found,,,2,
oneoutput/original_release_outputs/release_gsep_sc22_ts__1989-04-09_05-00.json,gsep_027_1,1989-04-09 05:00:00,1989-04-09 17:00:00,close,1989-04-09 17:00:00,0.00,97,
oneoutput/original_release_outputs/release_gsep_sc22_ts__1989-04-11_03-55.json,gsep_028,1989-04-11 03:55:00,1989-04-11 15:55:00,close,1989-04-11 15:20:00,-35.00,28,
oneoutput/original_release_outputs/release_gsep_sc22_ts__1989-04-21_17-05.json,gsep_028_1,1989-04-21 17:05:00,1989-04-22 05:05:00,not_found,,,0,
oneoutput/original_release_outputs/release_gsep_sc22_ts__1989-05-02_04-50.json,gsep_029,1989-05-02 04:50:00,1989-05-02 16:50:00,close,1989-05-02 17:05:00,15.00,24,
oneoutput/original_release_outputs/release_gsep_sc22_ts__1989-05-04_20-35.json,gsep_030,1989-05-04 20:35:00,1989-05-05 08:35:00,not_found,,,9,
oneoutput/original_release_outputs/release_gsep_sc22_ts__1989-05-05_18-25.json,gsep_031,1989-05-05 18:25:00,1989-05-06 06:25:00,not_found,,,0,
oneoutput/original_release_outputs/release_gsep_sc22_ts__1989-05-06_17-10.json,gsep_032,1989-05-06 17:10:00,1989-05-07 05:10:00,not_found,,,0,
oneoutput/original_release_outputs/release_gsep_sc22_ts__1989-05-19_23-15.json,gsep_032_1,1989-05-19 23:15:00,1989-05-20 11:15:00,not_found,,,0,
oneoutput/original_release_outputs/release_gsep_sc22_ts__1989-05-22_06-30.json,gsep_033,1989-05-22 06:30:00,1989-05-22 18:30:00,not_found,,,0,
oneoutput/original_release_outputs/release_gsep_sc22_ts__1989-06-13_23-10.json,gsep_033_1,1989-06-13 23:10:00,1989-06-14 11:10:00,not_found,,,21,
oneoutput/original_release_outputs/release_gsep_sc22_ts__1989-06-18_05-05.json,gsep_034,1989-06-18 05:05:00,1989-06-18 17:05:00,close,1989-06-18 17:05:00,0.00,117,
oneoutput/original_release_outputs/release_gsep_sc22_ts__1989-06-20_09-20.json,gsep_035,1989-06-20 09:20:00,1989-06-20 21:20:00,not_found,,,0,
oneoutput/original_release_outputs/release_gsep_sc22_ts__1989-06-28_16-45.json,gsep_036,1989-06-28 16:45:00,1989-06-29 04:45:00,not_found,,,0,
oneoutput/original_release_outputs/release_gsep_sc22_ts__1989-06-29_10-55.json,gsep_037,1989-06-29 10:55:00,1989-06-29 22:55:00,not_found,,,0,
oneoutput/original_release_outputs/release_gsep_sc22_ts__1989-06-30_08-20.json,gsep_038,1989-06-30 08:20:00,1989-06-30 20:20:00,not_found,,,29,
oneoutput/original_release_outputs/release_gsep_sc22_ts__1989-07-24_21-35.json,gsep_039,1989-07-24 21:35:00,1989-07-25 09:35:00,close,1989-07-25 09:20:00,-15.00,2,
oneoutput/original_release_outputs/release_gsep_sc22_ts__1989-08-12_04-20.json,gsep_040,1989-08-12 04:20:00,1989-08-12 16:20:00,not_found,,,0,
oneoutput/original_release_outputs/release_gsep_sc22_ts__1989-08-14_18-30.json,gsep_041,1989-08-14 18:30:00,1989-08-15 06:30:00,not_found,,,0,
oneoutput/original_release_outputs/release_gsep_sc22_ts__1989-08-15_13-30.json,gsep_042,1989-08-15 13:30:00,1989-08-16 01:30:00,not_found,,,0,
oneoutput/original_release_outputs/release_gsep_sc22_ts__1989-08-16_19-05.json,gsep_043,1989-08-16 19:05:00,1989-08-17 07:05:00,not_found,,,0,
oneoutput/original_release_outputs/release_gsep_sc22_ts__1989-08-19_07-25.json,gsep_044,1989-08-19 07:25:00,1989-08-19 19:25:00,not_found,,,0,
oneoutput/original_release_outputs/release_gsep_sc22_ts__1989-08-21_21-10.json,gsep_045,1989-08-21 21:10:00,1989-08-22 09:10:00,not_found,,,14,
oneoutput/original_release_outputs/release_gsep_sc22_ts__1989-08-31_02-15.json,gsep_046,1989-08-31 02:15:00,1989-08-31 14:15:00,close,1989-08-31 13:00:00,-75.00,71,
oneoutput/original_release_outputs/release_gsep_sc22_ts__1989-09-03_15-05.json,gsep_047,1989-09-03 15:05:00,1989-09-04 03:05:00,not_found,,,0,
oneoutput/original_release_outputs/release_gsep_sc22_ts__1989-09-12_10-25.json,gsep_048,1989-09-12 10:25:00,1989-09-12 22:25:00,not_found,,,0,
oneoutput/original_release_outputs/release_gsep_sc22_ts__1989-09-15_14-00.json,gsep_048_1,1989-09-15 14:00:00,1989-09-16 02:00:00,not_found,,,0,
oneoutput/original_release_outputs/release_gsep_sc22_ts__1989-09-29_00-00.json,gsep_049,1989-09-29 00:00:00,1989-09-29 12:00:00,not_found,,,0,
oneoutput/original_release_outputs/release_gsep_sc22_ts__1989-10-05_12-50.json,gsep_050,1989-10-05 12:50:00,1989-10-06 00:50:00,not_found,,,0,
oneoutput/original_release_outputs/release_gsep_sc22_ts__1989-10-19_01-10.json,gsep_051,1989-10-19 01:10:00,1989-10-19 13:10:00,close,1989-10-19 13:05:00,-5.00,1,
oneoutput/original_release_outputs/release_gsep_sc22_ts__1989-10-22_04-30.json,gsep_052,1989-10-22 04:30:00,1989-10-22 16:30:00,not_found,,,0,
oneoutput/original_release_outputs/release_gsep_sc22_ts__1989-10-24_07-00.json,gsep_053,1989-10-24 07:00:00,1989-10-24 19:00:00,not_found,,,0,
oneoutput/original_release_outputs/release_gsep_sc22_ts__1989-10-28_18-20.json,gsep_054,1989-10-28 18:20:00,1989-10-29 06:20:00,not_found,,,15,
oneoutput/original_release_outputs/release_gsep_sc22_ts__1989-11-01_07-20.json,gsep_055,1989-11-01 07:20:00,1989-11-01 19:20:00,close,1989-11-01 18:45:00,-35.00,19,
oneoutput/original_release_outputs/release_gsep_sc22_ts__1989-11-06_06-45.json,gsep_056,1989-11-06 06:45:00,1989-11-06 18:45:00,close,1989-11-06 18:25:00,-20.00,38,
oneoutput/original_release_outputs/release_gsep_sc22_ts__1989-11-08_15-40.json,gsep_057,1989-11-08 15:40:00,1989-11-09 03:40:00,not_found,,,6,
oneoutput/original_release_outputs/release_gsep_sc22_ts__1989-11-14_19-55.json,gsep_058,1989-11-14 19:55:00,1989-11-15 07:55:00,close,1989-11-15 07:20:00,-35.00,1,
oneoutput/original_release_outputs/release_gsep_sc22_ts__1989-11-19_15-00.json,gsep_058_1,1989-11-19 15:00:00,1989-11-20 03:00:00,not_found,,,0,
oneoutput/original_release_outputs/release_gsep_sc22_ts__1989-11-27_09-40.json,gsep_059,1989-11-27 09:40:00,1989-11-27 21:40:00,not_found,,,0,
oneoutput/original_release_outputs/release_gsep_sc22_ts__1989-11-30_02-10.json,gsep_060,1989-11-30 02:10:00,1989-11-30 14:10:00,close,1989-11-30 14:05:00,-5.00,1,
oneoutput/original_release_outputs/release_gsep_sc22_ts__1990-03-18_19-55.json,gsep_061,1990-03-18 19:55:00,1990-03-19 07:55:00,not_found,,,0,
oneoutput/original_release_outputs/release_gsep_sc22_ts__1990-03-28_21-20.json,gsep_062,1990-03-28 21:20:00,1990-03-29 09:20:00,close,1990-03-29 09:05:00,-15.00,32,
oneoutput/original_release_outputs/release_gsep_sc22_ts__1990-04-07_10-40.json,gsep_063,1990-04-07 10:40:00,1990-04-07 22:40:00,not_found,,,0,
oneoutput/original_release_outputs/release_gsep_sc22_ts__1990-04-11_09-20.json,gsep_064,1990-04-11 09:20:00,1990-04-11 21:20:00,close,1990-04-11 21:15:00,-5.00,10,
oneoutput/original_release_outputs/release_gsep_sc22_ts__1990-04-16_17-00.json,gsep_065,1990-04-16 17:00:00,1990-04-17 05:00:00,not_found,,,8,
oneoutput/original_release_outputs/release_gsep_sc22_ts__1990-04-27_22-05.json,gsep_066,1990-04-27 22:05:00,1990-04-28 10:05:00,not_found,,,0,
oneoutput/original_release_outputs/release_gsep_sc22_ts__1990-05-06_18-05.json,gsep_066_1,1990-05-06 18:05:00,1990-05-07 06:05:00,not_found,,,28,
oneoutput/original_release_outputs/release_gsep_sc22_ts__1990-05-10_09-10.json,gsep_067,1990-05-10 09:10:00,1990-05-10 21:10:00,not_found,,,8,
oneoutput/original_release_outputs/release_gsep_sc22_ts__1990-05-17_06-10.json,gsep_068,1990-05-17 06:10:00,1990-05-17 18:10:00,not_found,,,0,
oneoutput/original_release_outputs/release_gsep_sc22_ts__1990-05-21_11-55.json,gsep_069,1990-05-21 11:55:00,1990-05-21 23:55:00,close,1990-05-21 23:30:00,-25.00,9,
oneoutput/original_release_outputs/release_gsep_sc22_ts__1990-05-24_09-25.json,gsep_070,1990-05-24 09:25:00,1990-05-24 21:25:00,close,1990-05-24 21:15:00,-10.00,50,
oneoutput/original_release_outputs/release_gsep_sc22_ts__1990-05-26_09-10.json,gsep_071,1990-05-26 09:10:00,1990-05-26 21:10:00,not_found,,,0,
oneoutput/original_release_outputs/release_gsep_sc22_ts__1990-05-27_17-45.json,gsep_072,1990-05-27 17:45:00,1990-05-28 05:45:00,not_found,,,15,
oneoutput/original_release_outputs/release_gsep_sc22_ts__1990-06-11_23-40.json,gsep_073,1990-06-11 23:40:00,1990-06-12 11:40:00,not_found,,,0,
oneoutput/original_release_outputs/release_gsep_sc22_ts__1990-07-13_02-15.json,gsep_074,1990-07-13 02:15:00,1990-07-13 14:15:00,not_found,,,0,
oneoutput/original_release_outputs/release_gsep_sc22_ts__1990-07-26_01-30.json,gsep_075,1990-07-26 01:30:00,1990-07-26 13:30:00,close,1990-07-26 13:25:00,-5.00,26,
oneoutput/original_release_outputs/release_gsep_sc22_ts__1990-07-31_12-20.json,gsep_076,1990-07-31 12:20:00,1990-08-01 00:20:00,close,1990-08-01 00:05:00,-15.00,76,
oneoutput/original_release_outputs/release_gsep_sc22_ts__1990-08-12_11-25.json,gsep_077,1990-08-12 11:25:00,1990-08-12 23:25:00,not_found,,,0,
oneoutput/original_release_outputs/release_gsep_sc22_ts__1990-10-22_22-30.json,gsep_077_1,1990-10-22 22:30:00,1990-10-23 10:30:00,not_found,,,15,
oneoutput/original_release_outputs/release_gsep_sc22_ts__1990-11-10_11-00.json,gsep_077_2,1990-11-10 11:00:00,1990-11-10 23:00:00,not_found,,,0,
oneoutput/original_release_outputs/release_gsep_sc22_ts__1990-12-22_22-55.json,gsep_077_3,1990-12-22 22:55:00,1990-12-23 10:55:00,not_found,,,0,
oneoutput/original_release_outputs/release_gsep_sc22_ts__1990-12-24_04-30.json,gsep_077_4,1990-12-24 04:30:00,1990-12-24 16:30:00,not_found,,,0,
oneoutput/original_release_outputs/release_gsep_sc22_ts__1991-01-25_02-25.json,gsep_077_5,1991-01-25 02:25:00,1991-01-25 14:25:00,not_found,,,0,
oneoutput/original_release_outputs/release_gsep_sc22_ts__1991-01-27_08-25.json,gsep_078,1991-01-27 08:25:00,1991-01-27 20:25:00,not_found,,,0,
oneoutput/original_release_outputs/release_gsep_sc22_ts__1991-01-30_23-30.json,gsep_079,1991-01-30 23:30:00,1991-01-31 11:30:00,not_found,,,0,
oneoutput/original_release_outputs/release_gsep_sc22_ts__1991-02-07_20-50.json,gsep_080,1991-02-07 20:50:00,1991-02-08 08:50:00,not_found,,,0,
oneoutput/original_release_outputs/release_gsep_sc22_ts__1991-02-25_00-10.json,gsep_081,1991-02-25 00:10:00,1991-02-25 12:10:00,not_found,,,1,
oneoutput/original_release_outputs/release_gsep_sc22_ts__1991-03-12_04-50.json,gsep_082,1991-03-12 04:50:00,1991-03-12 16:50:00,not_found,,,0,
oneoutput/original_release_outputs/release_gsep_sc22_ts__1991-03-16_03-00.json,gsep_083,1991-03-16 03:00:00,1991-03-16 15:00:00,not_found,,,0,
oneoutput/original_release_outputs/release_gsep_sc22_ts__1991-03-22_20-20.json,gsep_084,1991-03-22 20:20:00,1991-03-23 08:20:00,not_found,,,0,
oneoutput/original_release_outputs/release_gsep_sc22_ts__1991-03-29_09-20.json,gsep_085,1991-03-29 09:20:00,1991-03-29 21:20:00,close,1991-03-29 21:15:00,-5.00,51,
oneoutput/original_release_outputs/release_gsep_sc22_ts__1991-03-31_10-55.json,gsep_086,1991-03-31 10:55:00,1991-03-31 22:55:00,close,1991-03-31 23:00:00,5.00,77,
oneoutput/original_release_outputs/release_gsep_sc22_ts__1991-04-02_20-15.json,gsep_087,1991-04-02 20:15:00,1991-04-03 08:15:00,close,1991-04-03 07:50:00,-25.00,42,
oneoutput/original_release_outputs/release_gsep_sc22_ts__1991-04-16_15-50.json,gsep_088,1991-04-16 15:50:00,1991-04-17 03:50:00,not_found,,,0,
oneoutput/original_release_outputs/release_gsep_sc22_ts__1991-04-21_20-35.json,gsep_089,1991-04-21 20:35:00,1991-04-22 08:35:00,not_found,,,0,
oneoutput/original_release_outputs/release_gsep_sc22_ts__1991-05-09_18-50.json,gsep_090,1991-05-09 18:50:00,1991-05-10 06:50:00,not_found,,,1,
oneoutput/original_release_outputs/release_gsep_sc22_ts__1991-05-12_15-00.json,gsep_091,1991-05-12 15:00:00,1991-05-13 03:00:00,not_found,,,0,
oneoutput/original_release_outputs/release_gsep_sc22_ts__1991-05-17_23-10.json,gsep_092,1991-05-17 23:10:00,1991-05-18 11:10:00,not_found,,,0,
oneoutput/original_release_outputs/release_gsep_sc22_ts__1991-05-19_03-35.json,gsep_093,1991-05-19 03:35:00,1991-05-19 15:35:00,not_found,,,0,
oneoutput/original_release_outputs/release_gsep_sc22_ts__1991-05-20_08-00.json,gsep_094,1991-05-20 08:00:00,1991-05-20 20:00:00,not_found,,,0,
oneoutput/original_release_outputs/release_gsep_sc22_ts__1991-05-22_20-55.json,gsep_095,1991-05-22 20:55:00,1991-05-23 08:55:00,not_found,,,0,
oneoutput/original_release_outputs/release_gsep_sc22_ts__1991-05-31_00-25.json,gsep_096,1991-05-31 00:25:00,1991-05-31 12:25:00,not_found,,,79,
oneoutput/original_release_outputs/release_gsep_sc22_ts__1991-06-02_04-40.json,gsep_097,1991-06-02 04:40:00,1991-06-02 16:40:00,not_found,,,2,
oneoutput/original_release_outputs/release_gsep_sc22_ts__1991-06-04_01-30.json,gsep_098,1991-06-04 01:30:00,1991-06-04 13:30:00,close,1991-06-04 13:25:00,-5.00,46,
oneoutput/original_release_outputs/release_gsep_sc22_ts__1991-06-05_01-10.json,gsep_099,1991-06-05 01:10:00,1991-06-05 13:10:00,not_found,,,0,
oneoutput/original_release_outputs/release_gsep_sc22_ts__1991-06-10_14-50.json,gsep_100,1991-06-10 14:50:00,1991-06-11 02:50:00,not_found,,,0,
oneoutput/original_release_outputs/release_gsep_sc22_ts__1991-06-14_11-40.json,gsep_101,1991-06-14 11:40:00,1991-06-14 23:40:00,close,1991-06-14 22:35:00,-65.00,30,
oneoutput/original_release_outputs/release_gsep_sc22_ts__1991-06-29_17-55.json,gsep_102,1991-06-29 17:55:00,1991-06-30 05:55:00,not_found,,,12,
oneoutput/original_release_outputs/release_gsep_sc22_ts__1991-06-30_19-00.json,gsep_103,1991-06-30 19:00:00,1991-07-01 07:00:00,not_found,,,0,
oneoutput/original_release_outputs/release_gsep_sc22_ts__1991-07-06_16-55.json,gsep_104,1991-07-06 16:55:00,1991-07-07 04:55:00,not_found,,,0,
oneoutput/original_release_outputs/release_gsep_sc22_ts__1991-07-10_14-30.json,gsep_105,1991-07-10 14:30:00,1991-07-11 02:30:00,not_found,,,42,
oneoutput/original_release_outputs/release_gsep_sc22_ts__1991-08-02_15-20.json,gsep_105_1,1991-08-02 15:20:00,1991-08-03 03:20:00,not_found,,,0,
oneoutput/original_release_outputs/release_gsep_sc22_ts__1991-08-26_05-40.json,gsep_106,1991-08-26 05:40:00,1991-08-26 17:40:00,close,1991-08-26 17:35:00,-5.00,24,
oneoutput/original_release_outputs/release_gsep_sc22_ts__1991-09-05_21-40.json,gsep_107,1991-09-05 21:40:00,1991-09-06 09:40:00,not_found,,,38,
oneoutput/original_release_outputs/release_gsep_sc22_ts__1991-10-01_05-40.json,gsep_108,1991-10-01 05:40:00,1991-10-01 17:40:00,close,1991-10-01 17:35:00,-5.00,8,
oneoutput/original_release_outputs/release_gsep_sc22_ts__1991-10-28_01-00.json,gsep_109,1991-10-28 01:00:00,1991-10-28 13:00:00,not_found,,,0,
oneoutput/original_release_outputs/release_gsep_sc22_ts__1991-10-29_19-45.json,gsep_110,1991-10-29 19:45:00,1991-10-30 07:45:00,close,1991-10-30 07:40:00,-5.00,4,
oneoutput/original_release_outputs/release_gsep_sc22_ts__1991-11-15_12-25.json,gsep_110_1,1991-11-15 12:25:00,1991-11-16 00:25:00,not_found,,,0,
oneoutput/original_release_outputs/release_gsep_sc22_ts__1991-11-16_18-45.json,gsep_110_2,1991-11-16 18:45:00,1991-11-17 06:45:00,not_found,,,0,
oneoutput/original_release_outputs/release_gsep_sc22_ts__1991-12-21_01-50.json,gsep_111,1991-12-21 01:50:00,1991-12-21 13:50:00,not_found,,,31,
oneoutput/original_release_outputs/release_gsep_sc22_ts__1991-12-28_12-05.json,gsep_112,1991-12-28 12:05:00,1991-12-29 00:05:00,not_found,,,0,
oneoutput/original_release_outputs/release_gsep_sc22_ts__1992-01-03_17-10.json,gsep_112_1,1992-01-03 17:10:00,1992-01-04 05:10:00,not_found,,,0,
oneoutput/original_release_outputs/release_gsep_sc22_ts__1992-02-06_18-45.json,gsep_113,1992-02-06 18:45:00,1992-02-07 06:45:00,not_found,,,0,
oneoutput/original_release_outputs/release_gsep_sc22_ts__1992-02-16_22-05.json,gsep_114,1992-02-16 22:05:00,1992-02-17 10:05:00,not_found,,,0,
oneoutput/original_release_outputs/release_gsep_sc22_ts__1992-02-25_17-10.json,gsep_115,1992-02-25 17:10:00,1992-02-26 05:10:00,not_found,,,0,
oneoutput/original_release_outputs/release_gsep_sc22_ts__1992-02-26_22-30.json,gsep_116,1992-02-26 22:30:00,1992-02-27 10:30:00,not_found,,,0,
oneoutput/original_release_outputs/release_gsep_sc22_ts__1992-03-07_03-50.json,gsep_116_1,1992-03-07 03:50:00,1992-03-07 15:50:00,not_found,,,0,
oneoutput/original_release_outputs/release_gsep_sc22_ts__1992-03-15_20-40.json,gsep_117,1992-03-15 20:40:00,1992-03-16 08:40:00,not_found,,,0,
oneoutput/original_release_outputs/release_gsep_sc22_ts__1992-04-20_13-30.json,gsep_118,1992-04-20 13:30:00,1992-04-21 01:30:00,not_found,,,0,
oneoutput/original_release_outputs/release_gsep_sc22_ts__1992-05-08_22-05.json,gsep_119,1992-05-08 22:05:00,1992-05-09 10:05:00,not_found,,,0,
oneoutput/original_release_outputs/release_gsep_sc22_ts__1992-05-21_08-00.json,gsep_120,1992-05-21 08:00:00,1992-05-21 20:00:00,not_found,,,0,
oneoutput/original_release_outputs/release_gsep_sc22_ts__1992-05-23_21-30.json,gsep_121,1992-05-23 21:30:00,1992-05-24 09:30:00,not_found,,,0,
oneoutput/original_release_outputs/release_gsep_sc22_ts__1992-06-25_08-45.json,gsep_122,1992-06-25 08:45:00,1992-06-25 20:45:00,close,1992-06-25 20:20:00,-25.00,14,
oneoutput/original_release_outputs/release_gsep_sc22_ts__1992-06-27_21-40.json,gsep_123,1992-06-27 21:40:00,1992-06-28 09:40:00,not_found,,,0,
oneoutput/original_release_outputs/release_gsep_sc22_ts__1992-08-06_03-15.json,gsep_124,1992-08-06 03:15:00,1992-08-06 15:15:00,not_found,,,10,
oneoutput/original_release_outputs/release_gsep_sc22_ts__1992-10-06_01-45.json,gsep_124_1,1992-10-06 01:45:00,1992-10-06 13:45:00,close,1992-10-06 13:00:00,-45.00,101,
oneoutput/original_release_outputs/release_gsep_sc22_ts__1992-10-30_07-20.json,gsep_125,1992-10-30 07:20:00,1992-10-30 19:20:00,not_found,,,6,
oneoutput/original_release_outputs/release_gsep_sc22_ts__1992-11-01_15-10.json,gsep_126,1992-11-01 15:10:00,1992-11-02 03:10:00,not_found,,,0,
oneoutput/original_release_outputs/release_gsep_sc22_ts__1992-11-23_08-50.json,gsep_127,1992-11-23 08:50:00,1992-11-23 20:50:00,not_found,,,2,
oneoutput/original_release_outputs/release_gsep_sc22_ts__1992-11-28_22-40.json,gsep_128,1992-11-28 22:40:00,1992-11-29 10:40:00,not_found,,,17,
oneoutput/original_release_outputs/release_gsep_sc22_ts__1993-03-04_03-05.json,gsep_129,1993-03-04 03:05:00,1993-03-04 15:05:00,close,1993-03-04 13:20:00,-105.00,51,
oneoutput/original_release_outputs/release_gsep_sc22_ts__1993-03-06_16-45.json,gsep_130,1993-03-06 16:45:00,1993-03-07 04:45:00,not_found,,,7,
oneoutput/original_release_outputs/release_gsep_sc22_ts__1993-03-12_08-10.json,gsep_131,1993-03-12 08:10:00,1993-03-12 20:10:00,close,1993-03-12 19:50:00,-20.00,13,
oneoutput/original_release_outputs/release_gsep_sc22_ts__1993-05-14_11-10.json,gsep_131_1,1993-05-14 11:10:00,1993-05-14 23:10:00,not_found,,,53,
oneoutput/original_release_outputs/release_gsep_sc22_ts__1993-06-07_03-15.json,gsep_132,1993-06-07 03:15:00,1993-06-07 15:15:00,close,1993-06-07 15:10:00,-5.00,51,
oneoutput/original_release_outputs/release_gsep_sc22_ts__1993-09-24_16-10.json,gsep_132_1,1993-09-24 16:10:00,1993-09-25 04:10:00,not_found,,,0,
oneoutput/original_release_outputs/release_gsep_sc22_ts__1994-02-19_15-05.json,gsep_133,1994-02-19 15:05:00,1994-02-20 03:05:00,close,1994-02-20 03:00:00,-5.00,19,
oneoutput/original_release_outputs/release_gsep_sc22_ts__1994-10-19_12-30.json,gsep_134,1994-10-19 12:30:00,1994-10-20 00:30:00,not_found,,,3,
oneoutput/original_release_outputs/release_gsep_sc22_ts__1995-10-19_20-25.json,gsep_135,1995-10-19 20:25:00,1995-10-20 08:25:00,not_found,,,3,
oneoutput/original_release_outputs/release_gsep_sc23_ts__1997-11-03_20-30.json,gsep_136,1997-11-03 20:30:00,1997-11-04 08:30:00,not_found,,,3,
oneoutput/original_release_outputs/release_gsep_sc23_ts__1997-11-06_01-05.json,gsep_137,1997-11-06 01:05:00,1997-11-06 13:05:00,close,1997-11-06 12:30:00,-35.00,55,
oneoutput/original_release_outputs/release_gsep_sc23_ts__1997-11-13_11-00.json,gsep_137_1,1997-11-13 11:00:00,1997-11-13 23:00:00,not_found,,,10,
oneoutput/original_release_outputs/release_gsep_sc23_ts__1998-04-20_02-05.json,gsep_138,1998-04-20 02:05:00,1998-04-20 14:05:00,close,1998-04-20 12:25:00,-100.00,24,
oneoutput/original_release_outputs/release_gsep_sc23_ts__1998-04-29_05-30.json,gsep_139,1998-04-29 05:30:00,1998-04-29 17:30:00,close,1998-04-29 17:05:00,-25.00,122,
oneoutput/original_release_outputs/release_gsep_sc23_ts__1998-05-02_02-10.json,gsep_140,1998-05-02 02:10:00,1998-05-02 14:10:00,close,1998-05-02 12:45:00,-85.00,27,
oneoutput/original_release_outputs/release_gsep_sc23_ts__1998-05-05_20-40.json,gsep_141,1998-05-05 20:40:00,1998-05-06 08:40:00,close,1998-05-06 08:35:00,-5.00,62,
oneoutput/original_release_outputs/release_gsep_sc23_ts__1998-05-09_11-30.json,gsep_142,1998-05-09 11:30:00,1998-05-09 23:30:00,close,1998-05-09 23:45:00,15.00,24,
oneoutput/original_release_outputs/release_gsep_sc23_ts__1998-06-16_09-00.json,gsep_143,1998-06-16 09:00:00,1998-06-16 21:00:00,close,1998-06-16 19:45:00,-75.00,50,
oneoutput/original_release_outputs/release_gsep_sc23_ts__1998-08-22_12-40.json,gsep_144,1998-08-22 12:40:00,1998-08-23 00:40:00,close,1998-08-23 00:40:00,0.00,71,
oneoutput/original_release_outputs/release_gsep_sc23_ts__1998-08-24_11-55.json,gsep_145,1998-08-24 11:55:00,1998-08-24 23:55:00,close,1998-08-24 23:05:00,-50.00,28,
oneoutput/original_release_outputs/release_gsep_sc23_ts__1998-09-24_06-45.json,gsep_146,1998-09-24 06:45:00,1998-09-24 18:45:00,close,1998-09-24 17:35:00,-70.00,54,
oneoutput/original_release_outputs/release_gsep_sc23_ts__1998-09-30_03-20.json,gsep_147,1998-09-30 03:20:00,1998-09-30 15:20:00,close,1998-09-30 15:15:00,-5.00,27,
oneoutput/original_release_outputs/release_gsep_sc23_ts__1998-10-18_10-45.json,gsep_148,1998-10-18 10:45:00,1998-10-18 22:45:00,close,1998-10-18 23:00:00,15.00,78,
oneoutput/original_release_outputs/release_gsep_sc23_ts__1998-11-05_11-20.json,gsep_149,1998-11-05 11:20:00,1998-11-05 23:20:00,not_found,,,28,
oneoutput/original_release_outputs/release_gsep_sc23_ts__1998-11-07_14-45.json,gsep_150,1998-11-07 14:45:00,1998-11-08 02:45:00,not_found,,,11,
oneoutput/original_release_outputs/release_gsep_sc23_ts__1998-11-13_20-10.json,gsep_151,1998-11-13 20:10:00,1998-11-14 08:10:00,not_found,,,26,
oneoutput/original_release_outputs/release_gsep_sc23_ts__1998-11-21_19-00.json,gsep_151_1,1998-11-21 19:00:00,1998-11-22 07:00:00,not_found,,,1,
oneoutput/original_release_outputs/release_gsep_sc23_ts__1998-11-23_15-00.json,gsep_151_2,1998-11-23 15:00:00,1998-11-24 03:00:00,close,1998-11-24 03:05:00,5.00,37,
oneoutput/original_release_outputs/release_gsep_sc23_ts__1999-01-21_14-00.json,,1999-01-21_14-00,,not_found,,,0,No matching GSEP row found by slice_start key
oneoutput/original_release_outputs/release_gsep_sc23_ts__1999-01-22_22-35.json,gsep_152,1999-01-22 22:35:00,1999-01-23 10:35:00,not_found,,,6,
oneoutput/original_release_outputs/release_gsep_sc23_ts__1999-04-24_06-40.json,gsep_153,1999-04-24 06:40:00,1999-04-24 18:40:00,close,1999-04-24 17:45:00,-55.00,30,
oneoutput/original_release_outputs/release_gsep_sc23_ts__1999-05-05_06-20.json,gsep_154,1999-05-05 06:20:00,1999-05-05 18:20:00,close,1999-05-05 18:15:00,-5.00,74,
oneoutput/original_release_outputs/release_gsep_sc23_ts__1999-05-09_07-00.json,gsep_154_1,1999-05-09 07:00:00,1999-05-09 19:00:00,close,1999-05-09 18:55:00,-5.00,45,
oneoutput/original_release_outputs/release_gsep_sc23_ts__1999-05-26_23-15.json,gsep_155,1999-05-26 23:15:00,1999-05-27 11:15:00,not_found,,,3,
oneoutput/original_release_outputs/release_gsep_sc23_ts__1999-06-01_14-50.json,gsep_156,1999-06-01 14:50:00,1999-06-02 02:50:00,close,1999-06-02 02:30:00,-20.00,14,
oneoutput/original_release_outputs/release_gsep_sc23_ts__1999-06-03_21-25.json,gsep_157,1999-06-03 21:25:00,1999-06-04 09:25:00,not_found,,,31,
oneoutput/original_release_outputs/release_gsep_sc23_ts__1999-06-10_14-15.json,gsep_157_1,1999-06-10 14:15:00,1999-06-11 02:15:00,not_found,,,1,
oneoutput/original_release_outputs/release_gsep_sc23_ts__1999-06-24_22-00.json,gsep_157_2,1999-06-24 22:00:00,1999-06-25 10:00:00,close,1999-06-25 10:00:00,0.00,279,
oneoutput/original_release_outputs/release_gsep_sc23_ts__1999-11-17_07-00.json,gsep_157_3,1999-11-17 07:00:00,1999-11-17 19:00:00,not_found,,,11,
oneoutput/original_release_outputs/release_gsep_sc23_ts__2000-02-17_23-30.json,gsep_158,2000-02-17 23:30:00,2000-02-18 11:30:00,not_found,,,0,
oneoutput/original_release_outputs/release_gsep_sc23_ts__2000-04-04_08-55.json,gsep_159,2000-04-04 08:55:00,2000-04-04 20:55:00,close,2000-04-04 20:10:00,-45.00,1,
oneoutput/original_release_outputs/release_gsep_sc23_ts__2000-05-15_10-05.json,gsep_160,2000-05-15 10:05:00,2000-05-15 22:05:00,not_found,,,142,
oneoutput/original_release_outputs/release_gsep_sc23_ts__2000-06-07_01-35.json,gsep_161,2000-06-07 01:35:00,2000-06-07 13:35:00,not_found,,,27,
oneoutput/original_release_outputs/release_gsep_sc23_ts__2000-06-10_06-05.json,gsep_162,2000-06-10 06:05:00,2000-06-10 18:05:00,close,2000-06-10 17:50:00,-15.00,43,
oneoutput/original_release_outputs/release_gsep_sc23_ts__2000-06-16_19-00.json,gsep_162_1,2000-06-16 19:00:00,2000-06-17 07:00:00,not_found,,,78,
oneoutput/original_release_outputs/release_gsep_sc23_ts__2000-06-24_23-35.json,gsep_163,2000-06-24 23:35:00,2000-06-25 11:35:00,not_found,,,37,
oneoutput/original_release_outputs/release_gsep_sc23_ts__2000-07-12_07-40.json,gsep_164,2000-07-12 07:40:00,2000-07-12 19:40:00,not_found,,,9,
oneoutput/original_release_outputs/release_gsep_sc23_ts__2000-07-13_22-45.json,gsep_165,2000-07-13 22:45:00,2000-07-14 10:45:00,close,2000-07-14 09:50:00,-55.00,20,
oneoutput/original_release_outputs/release_gsep_sc23_ts__2000-07-22_01-20.json,gsep_166,2000-07-22 01:20:00,2000-07-22 13:20:00,not_found,,,15,
oneoutput/original_release_outputs/release_gsep_sc23_ts__2000-07-27_22-50.json,gsep_167,2000-07-27 22:50:00,2000-07-28 10:50:00,close,2000-07-28 09:15:00,-95.00,40,
oneoutput/original_release_outputs/release_gsep_sc23_ts__2000-08-11_04-50.json,gsep_168,2000-08-11 04:50:00,2000-08-11 16:50:00,not_found,,,16,
oneoutput/original_release_outputs/release_gsep_sc23_ts__2000-08-12_12-45.json,gsep_169,2000-08-12 12:45:00,2000-08-13 00:45:00,not_found,,,4,
oneoutput/original_release_outputs/release_gsep_sc23_ts__2000-09-12_04-00.json,gsep_170,2000-09-12 04:00:00,2000-09-12 16:00:00,not_found,,,41,
oneoutput/original_release_outputs/release_gsep_sc23_ts__2000-10-15_23-25.json,gsep_171,2000-10-15 23:25:00,2000-10-16 11:25:00,not_found,,,19,
oneoutput/original_release_outputs/release_gsep_sc23_ts__2000-10-25_12-40.json,gsep_172,2000-10-25 12:40:00,2000-10-26 00:40:00,not_found,,,8,
oneoutput/original_release_outputs/release_gsep_sc23_ts__2000-10-29_23-40.json,gsep_173,2000-10-29 23:40:00,2000-10-30 11:40:00,not_found,,,19,
oneoutput/original_release_outputs/release_gsep_sc23_ts__2000-11-08_11-50.json,gsep_174,2000-11-08 11:50:00,2000-11-08 23:50:00,not_found,,,0,
oneoutput/original_release_outputs/release_gsep_sc23_ts__2000-11-23_20-00.json,gsep_175,2000-11-23 20:00:00,2000-11-24 08:00:00,close,2000-11-24 08:05:00,5.00,11,
oneoutput/original_release_outputs/release_gsep_sc23_ts__2000-11-24_03-20.json,gsep_176,2000-11-24 03:20:00,2000-11-24 15:20:00,not_found,,,7,
oneoutput/original_release_outputs/release_gsep_sc23_ts__2000-11-25_12-05.json,gsep_177,2000-11-25 12:05:00,2000-11-26 00:05:00,not_found,,,0,
oneoutput/original_release_outputs/release_gsep_sc23_ts__2001-01-21_07-20.json,gsep_178,2001-01-21 07:20:00,2001-01-21 19:20:00,close,2001-01-21 19:15:00,-5.00,267,
oneoutput/original_release_outputs/release_gsep_sc23_ts__2001-01-28_08-25.json,gsep_179,2001-01-28 08:25:00,2001-01-28 20:25:00,not_found,,,5,
oneoutput/original_release_outputs/release_gsep_sc23_ts__2001-02-25_21-00.json,gsep_179_1,2001-02-25 21:00:00,2001-02-26 09:00:00,not_found,,,29,
oneoutput/original_release_outputs/release_gsep_sc23_ts__2001-03-26_06-45.json,gsep_180,2001-03-26 06:45:00,2001-03-26 18:45:00,close,2001-03-26 17:55:00,-50.00,51,
oneoutput/original_release_outputs/release_gsep_sc23_ts__2001-03-29_04-35.json,gsep_181,2001-03-29 04:35:00,2001-03-29 16:35:00,not_found,,,49,
oneoutput/original_release_outputs/release_gsep_sc23_ts__2001-04-01_23-20.json,gsep_182,2001-04-01 23:20:00,2001-04-02 11:20:00,not_found,,,38,
oneoutput/original_release_outputs/release_gsep_sc23_ts__2001-04-02_11-40.json,gsep_183,2001-04-02 11:40:00,2001-04-02 23:40:00,close,2001-04-02 22:25:00,-75.00,10,
oneoutput/original_release_outputs/release_gsep_sc23_ts__2001-04-09_04-05.json,gsep_184,2001-04-09 04:05:00,2001-04-09 16:05:00,not_found,,,9,
oneoutput/original_release_outputs/release_gsep_sc23_ts__2001-04-09_20-50.json,gsep_185,2001-04-09 20:50:00,2001-04-10 08:50:00,close,2001-04-10 08:45:00,-5.00,4,
oneoutput/original_release_outputs/release_gsep_sc23_ts__2001-04-11_23-20.json,gsep_186,2001-04-11 23:20:00,2001-04-12 11:20:00,not_found,,,0,
oneoutput/original_release_outputs/release_gsep_sc23_ts__2001-04-15_02-10.json,gsep_187,2001-04-15 02:10:00,2001-04-15 14:10:00,close,2001-04-15 14:05:00,-5.00,15,
oneoutput/original_release_outputs/release_gsep_sc23_ts__2001-04-17_15-15.json,gsep_188,2001-04-17 15:15:00,2001-04-18 03:15:00,close,2001-04-18 02:45:00,-30.00,8,
oneoutput/original_release_outputs/release_gsep_sc23_ts__2001-04-27_16-30.json,gsep_189,2001-04-27 16:30:00,2001-04-28 04:30:00,not_found,,,2,
oneoutput/original_release_outputs/release_gsep_sc23_ts__2001-05-07_07-15.json,gsep_190,2001-05-07 07:15:00,2001-05-07 19:15:00,close,2001-05-07 18:35:00,-40.00,57,
oneoutput/original_release_outputs/release_gsep_sc23_ts__2001-05-19_18-55.json,gsep_191,2001-05-19 18:55:00,2001-05-20 06:55:00,close,2001-05-20 06:55:00,0.00,71,
oneoutput/original_release_outputs/release_gsep_sc23_ts__2001-06-15_05-50.json,gsep_192,2001-06-15 05:50:00,2001-06-15 17:50:00,not_found,,,33,
oneoutput/original_release_outputs/release_gsep_sc23_ts__2001-08-09_22-20.json,gsep_193,2001-08-09 22:20:00,2001-08-10 10:20:00,not_found,,,25,
oneoutput/original_release_outputs/release_gsep_sc23_ts__2001-08-15_13-35.json,gsep_194,2001-08-15 13:35:00,2001-08-16 01:35:00,not_found,,,15,
oneoutput/original_release_outputs/release_gsep_sc23_ts__2001-09-15_02-35.json,gsep_195,2001-09-15 02:35:00,2001-09-15 14:35:00,close,2001-09-15 14:30:00,-5.00,91,
oneoutput/original_release_outputs/release_gsep_sc23_ts__2001-09-24_00-15.json,gsep_196,2001-09-24 00:15:00,2001-09-24 12:15:00,close,2001-09-24 12:10:00,-5.00,97,
oneoutput/original_release_outputs/release_gsep_sc23_ts__2001-10-01_01-20.json,gsep_197,2001-10-01 01:20:00,2001-10-01 13:20:00,not_found,,,9,
oneoutput/original_release_outputs/release_gsep_sc23_ts__2001-10-09_05-00.json,gsep_198,2001-10-09 05:00:00,2001-10-09 17:00:00,not_found,,,29,
oneoutput/original_release_outputs/release_gsep_sc23_ts__2001-10-18_13-55.json,gsep_199,2001-10-18 13:55:00,2001-10-19 01:55:00,not_found,,,11,
oneoutput/original_release_outputs/release_gsep_sc23_ts__2001-10-19_07-35.json,gsep_200,2001-10-19 07:35:00,2001-10-19 19:35:00,close,2001-10-19 19:30:00,-5.00,96,
oneoutput/original_release_outputs/release_gsep_sc23_ts__2001-10-22_07-10.json,gsep_201,2001-10-22 07:10:00,2001-10-22 19:10:00,close,2001-10-22 19:05:00,-5.00,103,
oneoutput/original_release_outputs/release_gsep_sc23_ts__2001-10-27_15-00.json,gsep_201_1,2001-10-27 15:00:00,2001-10-28 03:00:00,not_found,,,59,
oneoutput/original_release_outputs/release_gsep_sc23_ts__2001-11-04_05-05.json,gsep_202,2001-11-04 05:05:00,2001-11-04 17:05:00,close,2001-11-04 17:00:00,-5.00,3,
oneoutput/original_release_outputs/release_gsep_sc23_ts__2001-11-19_00-30.json,gsep_203,2001-11-19 00:30:00,2001-11-19 12:30:00,not_found,,,0,
oneoutput/original_release_outputs/release_gsep_sc23_ts__2001-11-22_11-20.json,gsep_204,2001-11-22 11:20:00,2001-11-22 23:20:00,close,2001-11-22 23:00:00,-20.00,3,
oneoutput/original_release_outputs/release_gsep_sc23_ts__2001-11-22_13-05.json,gsep_205,2001-11-22 13:05:00,2001-11-23 01:05:00,not_found,,,0,
oneoutput/original_release_outputs/release_gsep_sc23_ts__2001-12-11_04-15.json,gsep_206,2001-12-11 04:15:00,2001-12-11 16:15:00,not_found,,,71,
oneoutput/original_release_outputs/release_gsep_sc23_ts__2001-12-25_18-05.json,gsep_207,2001-12-25 18:05:00,2001-12-26 06:05:00,not_found,,,56,
oneoutput/original_release_outputs/release_gsep_sc23_ts__2001-12-28_17-10.json,gsep_208,2001-12-28 17:10:00,2001-12-29 05:10:00,close,2001-12-29 04:50:00,-20.00,1,
oneoutput/original_release_outputs/release_gsep_sc23_ts__2001-12-30_09-20.json,gsep_209,2001-12-30 09:20:00,2001-12-30 21:20:00,close,2001-12-30 19:25:00,-115.00,31,
oneoutput/original_release_outputs/release_gsep_sc23_ts__2002-01-10_08-45.json,gsep_210,2002-01-10 08:45:00,2002-01-10 20:45:00,close,2002-01-10 20:00:00,-45.00,39,
oneoutput/original_release_outputs/release_gsep_sc23_ts__2002-01-15_02-35.json,gsep_211,2002-01-15 02:35:00,2002-01-15 14:35:00,not_found,,,16,
oneoutput/original_release_outputs/release_gsep_sc23_ts__2002-01-27_01-55.json,gsep_212,2002-01-27 01:55:00,2002-01-27 13:55:00,close,2002-01-27 12:40:00,-75.00,90,
oneoutput/original_release_outputs/release_gsep_sc23_ts__2002-02-19_19-30.json,gsep_213,2002-02-19 19:30:00,2002-02-20 07:30:00,close,2002-02-20 07:25:00,-5.00,109,
oneoutput/original_release_outputs/release_gsep_sc23_ts__2002-03-16_20-20.json,gsep_214,2002-03-16 20:20:00,2002-03-17 08:20:00,not_found,,,7,
oneoutput/original_release_outputs/release_gsep_sc23_ts__2002-03-17_18-45.json,gsep_215,2002-03-17 18:45:00,2002-03-18 06:45:00,close,2002-03-18 07:00:00,15.00,21,
oneoutput/original_release_outputs/release_gsep_sc23_ts__2002-03-20_03-10.json,gsep_216,2002-03-20 03:10:00,2002-03-20 15:10:00,close,2002-03-20 14:05:00,-65.00,32,
oneoutput/original_release_outputs/release_gsep_sc23_ts__2002-03-22_08-20.json,gsep_217,2002-03-22 08:20:00,2002-03-22 20:20:00,not_found,,,90,
oneoutput/original_release_outputs/release_gsep_sc23_ts__2002-04-17_03-30.json,gsep_218,2002-04-17 03:30:00,2002-04-17 15:30:00,close,2002-04-17 15:20:00,-10.00,61,
oneoutput/original_release_outputs/release_gsep_sc23_ts__2002-04-18_17-00.json,gsep_218_1,2002-04-18 17:00:00,2002-04-19 05:00:00,close,2002-04-19 04:15:00,-45.00,21,
oneoutput/original_release_outputs/release_gsep_sc23_ts__2002-04-20_14-25.json,gsep_219,2002-04-20 14:25:00,2002-04-21 02:25:00,close,2002-04-21 02:10:00,-15.00,17,
oneoutput/original_release_outputs/release_gsep_sc23_ts__2002-05-22_05-55.json,gsep_220,2002-05-22 05:55:00,2002-05-22 17:55:00,not_found,,,21,
oneoutput/original_release_outputs/release_gsep_sc23_ts__2002-07-07_06-30.json,gsep_221,2002-07-07 06:30:00,2002-07-07 18:30:00,not_found,,,10,
oneoutput/original_release_outputs/release_gsep_sc23_ts__2002-07-16_05-50.json,gsep_222,2002-07-16 05:50:00,2002-07-16 17:50:00,close,2002-07-16 17:45:00,-5.00,52,
oneoutput/original_release_outputs/release_gsep_sc23_ts__2002-07-18_22-50.json,gsep_223,2002-07-18 22:50:00,2002-07-19 10:50:00,close,2002-07-19 08:50:00,-120.00,35,
oneoutput/original_release_outputs/release_gsep_sc23_ts__2002-07-21_18-25.json,gsep_224,2002-07-21 18:25:00,2002-07-22 06:25:00,close,2002-07-22 06:35:00,10.00,16,
oneoutput/original_release_outputs/release_gsep_sc23_ts__2002-08-13_21-00.json,gsep_225,2002-08-13 21:00:00,2002-08-14 09:00:00,close,2002-08-14 08:50:00,-10.00,23,
oneoutput/original_release_outputs/release_gsep_sc23_ts__2002-08-16_06-05.json,gsep_226,2002-08-16 06:05:00,2002-08-16 18:05:00,close,2002-08-16 18:05:00,0.00,122,
oneoutput/original_release_outputs/release_gsep_sc23_ts__2002-08-18_10-00.json,gsep_226_1,2002-08-18 10:00:00,2002-08-18 22:00:00,close,2002-08-18 20:40:00,-80.00,38,
oneoutput/original_release_outputs/release_gsep_sc23_ts__2002-08-19_21-00.json,gsep_226_2,2002-08-19 21:00:00,2002-08-20 09:00:00,close,2002-08-20 07:55:00,-65.00,47,
oneoutput/original_release_outputs/release_gsep_sc23_ts__2002-08-21_16-40.json,gsep_227,2002-08-21 16:40:00,2002-08-22 04:40:00,close,2002-08-22 04:35:00,-5.00,23,
oneoutput/original_release_outputs/release_gsep_sc23_ts__2002-08-23_13-40.json,gsep_228,2002-08-23 13:40:00,2002-08-24 01:40:00,not_found,,,26,
oneoutput/original_release_outputs/release_gsep_sc23_ts__2002-09-06_16-40.json,gsep_229,2002-09-06 16:40:00,2002-09-07 04:40:00,close,2002-09-07 03:10:00,-90.00,18,
oneoutput/original_release_outputs/release_gsep_sc23_ts__2002-11-01_06-40.json,gsep_230,2002-11-01 06:40:00,2002-11-01 18:40:00,close,2002-11-01 17:50:00,-50.00,70,
oneoutput/original_release_outputs/release_gsep_sc23_ts__2002-11-09_07-20.json,gsep_231,2002-11-09 07:20:00,2002-11-09 19:20:00,close,2002-11-09 19:15:00,-5.00,88,
oneoutput/original_release_outputs/release_gsep_sc23_ts__2002-11-24_17-40.json,gsep_232,2002-11-24 17:40:00,2002-11-25 05:40:00,close,2002-11-25 05:30:00,-10.00,86,
oneoutput/original_release_outputs/release_gsep_sc23_ts__2002-12-19_12-00.json,gsep_233,2002-12-19 12:00:00,2002-12-20 00:00:00,close,2002-12-19 23:25:00,-35.00,89,
oneoutput/original_release_outputs/release_gsep_sc23_ts__2003-05-28_11-40.json,gsep_234,2003-05-28 11:40:00,2003-05-28 23:40:00,not_found,,,33,
oneoutput/original_release_outputs/release_gsep_sc23_ts__2003-05-30_16-25.json,gsep_235,2003-05-30 16:25:00,2003-05-31 04:25:00,close,2003-05-31 04:20:00,-5.00,51,
oneoutput/original_release_outputs/release_gsep_sc23_ts__2003-06-18_12-15.json,gsep_236,2003-06-18 12:15:00,2003-06-19 00:15:00,not_found,,,0,
oneoutput/original_release_outputs/release_gsep_sc23_ts__2003-10-22_12-45.json,gsep_237,2003-10-22 12:45:00,2003-10-23 00:45:00,close,2003-10-22 23:45:00,-60.00,70,
oneoutput/original_release_outputs/release_gsep_sc23_ts__2003-10-26_06-25.json,gsep_238,2003-10-26 06:25:00,2003-10-26 18:25:00,not_found,,,0,
oneoutput/original_release_outputs/release_gsep_sc23_ts__2003-10-28_00-15.json,gsep_239,2003-10-28 00:15:00,2003-10-28 12:15:00,not_found,,,2,
oneoutput/original_release_outputs/release_gsep_sc23_ts__2003-10-29_09-45.json,gsep_240,2003-10-29 09:45:00,2003-10-29 21:45:00,not_found,,,0,
oneoutput/original_release_outputs/release_gsep_sc23_ts__2003-11-01_22-55.json,gsep_241,2003-11-01 22:55:00,2003-11-02 10:55:00,close,2003-11-02 08:55:00,-120.00,11,
oneoutput/original_release_outputs/release_gsep_sc23_ts__2003-11-02_05-20.json,gsep_242,2003-11-02 05:20:00,2003-11-02 17:20:00,not_found,,,12,
oneoutput/original_release_outputs/release_gsep_sc23_ts__2003-11-04_10-25.json,gsep_243,2003-11-04 10:25:00,2003-11-04 22:25:00,not_found,,,0,
oneoutput/original_release_outputs/release_gsep_sc23_ts__2003-11-19_20-20.json,gsep_244,2003-11-19 20:20:00,2003-11-20 08:20:00,close,2003-11-20 08:25:00,5.00,92,
oneoutput/original_release_outputs/release_gsep_sc23_ts__2003-11-21_09-45.json,gsep_245,2003-11-21 09:45:00,2003-11-21 21:45:00,not_found,,,44,
oneoutput/original_release_outputs/release_gsep_sc23_ts__2003-12-02_01-25.json,gsep_246,2003-12-02 01:25:00,2003-12-02 13:25:00,not_found,,,6,
oneoutput/original_release_outputs/release_gsep_sc23_ts__2004-04-10_23-35.json,gsep_247,2004-04-10 23:35:00,2004-04-11 11:35:00,not_found,,,31,
oneoutput/original_release_outputs/release_gsep_sc23_ts__2004-07-22_06-30.json,gsep_248,2004-07-22 06:30:00,2004-07-22 18:30:00,not_found,,,84,
oneoutput/original_release_outputs/release_gsep_sc23_ts__2004-07-25_06-25.json,gsep_249,2004-07-25 06:25:00,2004-07-25 18:25:00,close,2004-07-25 18:00:00,-25.00,11,
oneoutput/original_release_outputs/release_gsep_sc23_ts__2004-07-31_08-45.json,gsep_250,2004-07-31 08:45:00,2004-07-31 20:45:00,close,2004-07-31 19:05:00,-100.00,80,
oneoutput/original_release_outputs/release_gsep_sc23_ts__2004-09-13_09-05.json,gsep_251,2004-09-13 09:05:00,2004-09-13 21:05:00,not_found,,,0,
oneoutput/original_release_outputs/release_gsep_sc23_ts__2004-09-19_07-25.json,gsep_252,2004-09-19 07:25:00,2004-09-19 19:25:00,close,2004-09-19 19:20:00,-5.00,36,
oneoutput/original_release_outputs/release_gsep_sc23_ts__2004-10-29_22-15.json,gsep_253,2004-10-29 22:15:00,2004-10-30 10:15:00,close,2004-10-30 10:15:00,0.00,172,
oneoutput/original_release_outputs/release_gsep_sc23_ts__2004-10-31_18-55.json,gsep_254,2004-10-31 18:55:00,2004-11-01 06:55:00,not_found,,,0,
oneoutput/original_release_outputs/release_gsep_sc23_ts__2004-11-07_07-10.json,gsep_255,2004-11-07 07:10:00,2004-11-07 19:10:00,close,2004-11-07 18:50:00,-20.00,51,
oneoutput/original_release_outputs/release_gsep_sc23_ts__2004-11-08_05-20.json,gsep_256,2004-11-08 05:20:00,2004-11-08 17:20:00,not_found,,,0,
oneoutput/original_release_outputs/release_gsep_sc23_ts__2004-11-09_08-00.json,gsep_257,2004-11-09 08:00:00,2004-11-09 20:00:00,not_found,,,0,
oneoutput/original_release_outputs/release_gsep_sc23_ts__2004-11-09_15-05.json,gsep_258,2004-11-09 15:05:00,2004-11-10 03:05:00,not_found,,,0,
oneoutput/original_release_outputs/release_gsep_sc23_ts__2004-12-03_01-30.json,gsep_259,2004-12-03 01:30:00,2004-12-03 13:30:00,close,2004-12-03 13:30:00,0.00,186,
oneoutput/original_release_outputs/release_gsep_sc23_ts__2005-01-14_19-55.json,gsep_260,2005-01-14 19:55:00,2005-01-15 07:55:00,close,2005-01-15 08:00:00,5.00,28,
oneoutput/original_release_outputs/release_gsep_sc23_ts__2005-01-15_14-10.json,gsep_261,2005-01-15 14:10:00,2005-01-16 02:10:00,not_found,,,11,
oneoutput/original_release_outputs/release_gsep_sc23_ts__2005-01-17_00-25.json,gsep_262,2005-01-17 00:25:00,2005-01-17 12:25:00,not_found,,,0,
oneoutput/original_release_outputs/release_gsep_sc23_ts__2005-01-19_18-40.json,gsep_263,2005-01-19 18:40:00,2005-01-20 06:40:00,not_found,,,0,
oneoutput/original_release_outputs/release_gsep_sc23_ts__2005-05-06_10-35.json,gsep_264,2005-05-06 10:35:00,2005-05-06 22:35:00,close,2005-05-06 20:35:00,-120.00,58,
oneoutput/original_release_outputs/release_gsep_sc23_ts__2005-05-13_17-25.json,gsep_265,2005-05-13 17:25:00,2005-05-14 05:25:00,close,2005-05-14 05:10:00,-15.00,20,
oneoutput/original_release_outputs/release_gsep_sc23_ts__2005-06-16_10-00.json,gsep_266,2005-06-16 10:00:00,2005-06-16 22:00:00,close,2005-06-16 20:30:00,-90.00,17,
oneoutput/original_release_outputs/release_gsep_sc23_ts__2005-07-09_15-00.json,gsep_266_1,2005-07-09 15:00:00,2005-07-10 03:00:00,close,2005-07-10 03:00:00,0.00,146,
oneoutput/original_release_outputs/release_gsep_sc23_ts__2005-07-13_14-45.json,gsep_267,2005-07-13 14:45:00,2005-07-14 02:45:00,close,2005-07-14 02:10:00,-35.00,45,
oneoutput/original_release_outputs/release_gsep_sc23_ts__2005-07-14_02-00.json,gsep_268,2005-07-14 02:00:00,2005-07-14 14:00:00,close,2005-07-14 13:55:00,-5.00,20,
oneoutput/original_release_outputs/release_gsep_sc23_ts__2005-07-17_05-35.json,gsep_269,2005-07-17 05:35:00,2005-07-17 17:35:00,not_found,,,25,
oneoutput/original_release_outputs/release_gsep_sc23_ts__2005-07-26_08-55.json,gsep_270,2005-07-26 08:55:00,2005-07-26 20:55:00,close,2005-07-26 20:50:00,-5.00,62,
oneoutput/original_release_outputs/release_gsep_sc23_ts__2005-07-27_11-00.json,gsep_271,2005-07-27 11:00:00,2005-07-27 23:00:00,not_found,,,3,
oneoutput/original_release_outputs/release_gsep_sc23_ts__2005-08-21_14-25.json,gsep_272,2005-08-21 14:25:00,2005-08-22 02:25:00,close,2005-08-22 00:35:00,-110.00,20,
oneoutput/original_release_outputs/release_gsep_sc23_ts__2005-08-22_08-40.json,gsep_273,2005-08-22 08:40:00,2005-08-22 20:40:00,close,2005-08-22 20:10:00,-30.00,9,
oneoutput/original_release_outputs/release_gsep_sc23_ts__2005-09-07_14-25.json,gsep_274,2005-09-07 14:25:00,2005-09-08 02:25:00,close,2005-09-08 02:20:00,-5.00,55,
oneoutput/original_release_outputs/release_gsep_sc23_ts__2005-09-13_12-40.json,gsep_275,2005-09-13 12:40:00,2005-09-14 00:40:00,close,2005-09-13 23:40:00,-60.00,45,
oneoutput/original_release_outputs/release_gsep_sc23_ts__2006-07-05_22-15.json,gsep_276,2006-07-05 22:15:00,2006-07-06 10:15:00,close,2006-07-06 10:15:00,0.00,121,
oneoutput/original_release_outputs/release_gsep_sc23_ts__2006-12-06_03-55.json,gsep_277,2006-12-06 03:55:00,2006-12-06 15:55:00,close,2006-12-06 15:50:00,-5.00,67,
oneoutput/original_release_outputs/release_gsep_sc23_ts__2006-12-06_06-55.json,gsep_278,2006-12-06 06:55:00,2006-12-06 18:55:00,not_found,,,50,
oneoutput/original_release_outputs/release_gsep_sc23_ts__2006-12-12_15-10.json,gsep_279,2006-12-12 15:10:00,2006-12-13 03:10:00,not_found,,,37,
oneoutput/original_release_outputs/release_gsep_sc23_ts__2006-12-14_10-55.json,gsep_280,2006-12-14 10:55:00,2006-12-14 22:55:00,not_found,,,0,
oneoutput/original_release_outputs/release_gsep_sc24_ts__2010-08-03_02-45.json,gsep_281,2010-08-03 02:45:00,2010-08-03 14:45:00,close,2010-08-03 14:45:00,0.00,36,
oneoutput/original_release_outputs/release_gsep_sc24_ts__2010-08-14_00-30.json,gsep_282,2010-08-14 00:30:00,2010-08-14 12:30:00,close,2010-08-14 12:20:00,-10.00,67,
oneoutput/original_release_outputs/release_gsep_sc24_ts__2010-08-17_19-20.json,gsep_283,2010-08-17 19:20:00,2010-08-18 07:20:00,not_found,,,80,
oneoutput/original_release_outputs/release_gsep_sc24_ts__2011-01-27_13-00.json,gsep_283_1,2011-01-27 13:00:00,2011-01-28 01:00:00,not_found,,,6,
oneoutput/original_release_outputs/release_gsep_sc24_ts__2011-02-14_17-00.json,gsep_283_2,2011-02-14 17:00:00,2011-02-15 05:00:00,close,2011-02-15 05:00:00,0.00,122,
oneoutput/original_release_outputs/release_gsep_sc24_ts__2011-03-07_12-45.json,gsep_284,2011-03-07 12:45:00,2011-03-08 00:45:00,not_found,,,17,
oneoutput/original_release_outputs/release_gsep_sc24_ts__2011-03-20_15-25.json,gsep_285,2011-03-20 15:25:00,2011-03-21 03:25:00,not_found,,,15,
oneoutput/original_release_outputs/release_gsep_sc24_ts__2011-03-21_07-40.json,gsep_286,2011-03-21 07:40:00,2011-03-21 19:40:00,not_found,,,16,
oneoutput/original_release_outputs/release_gsep_sc24_ts__2011-06-04_18-10.json,gsep_287,2011-06-04 18:10:00,2011-06-05 06:10:00,not_found,,,40,
oneoutput/original_release_outputs/release_gsep_sc24_ts__2011-06-06_20-05.json,gsep_288,2011-06-06 20:05:00,2011-06-07 08:05:00,not_found,,,0,
oneoutput/original_release_outputs/release_gsep_sc24_ts__2011-06-11_01-00.json,gsep_288_1,2011-06-11 01:00:00,2011-06-11 13:00:00,not_found,,,0,
oneoutput/original_release_outputs/release_gsep_sc24_ts__2011-06-16_08-00.json,gsep_289,2011-06-16 08:00:00,2011-06-16 20:00:00,close,2011-06-16 20:05:00,5.00,53,
oneoutput/original_release_outputs/release_gsep_sc24_ts__2011-08-01_19-00.json,gsep_289_1,2011-08-01 19:00:00,2011-08-02 07:00:00,close,2011-08-02 06:25:00,-35.00,71,
oneoutput/original_release_outputs/release_gsep_sc24_ts__2011-08-03_18-35.json,gsep_290,2011-08-03 18:35:00,2011-08-04 06:35:00,close,2011-08-04 05:20:00,-75.00,61,
oneoutput/original_release_outputs/release_gsep_sc24_ts__2011-08-08_06-20.json,gsep_291,2011-08-08 06:20:00,2011-08-08 18:20:00,close,2011-08-08 18:20:00,0.00,55,
oneoutput/original_release_outputs/release_gsep_sc24_ts__2011-08-08_20-45.json,gsep_292,2011-08-08 20:45:00,2011-08-09 08:45:00,close,2011-08-09 07:55:00,-50.00,41,
oneoutput/original_release_outputs/release_gsep_sc24_ts__2011-09-05_13-45.json,gsep_293,2011-09-05 13:45:00,2011-09-06 01:45:00,not_found,,,95,
oneoutput/original_release_outputs/release_gsep_sc24_ts__2011-09-06_13-30.json,gsep_293_1,2011-09-06 13:30:00,2011-09-07 01:30:00,close,2011-09-07 01:35:00,5.00,89,
oneoutput/original_release_outputs/release_gsep_sc24_ts__2011-09-23_09-00.json,gsep_294,2011-09-23 09:00:00,2011-09-23 21:00:00,not_found,,,9,
oneoutput/original_release_outputs/release_gsep_sc24_ts__2011-10-23_03-00.json,gsep_295,2011-10-23 03:00:00,2011-10-23 15:00:00,not_found,,,0,
oneoutput/original_release_outputs/release_gsep_sc24_ts__2011-11-03_11-35.json,gsep_296,2011-11-03 11:35:00,2011-11-03 23:35:00,not_found,,,63,
oneoutput/original_release_outputs/release_gsep_sc24_ts__2011-11-25_23-25.json,gsep_297,2011-11-25 23:25:00,2011-11-26 11:25:00,not_found,,,0,
oneoutput/original_release_outputs/release_gsep_sc24_ts__2011-12-25_06-55.json,gsep_298,2011-12-25 06:55:00,2011-12-25 18:55:00,not_found,,,0,
oneoutput/original_release_outputs/release_gsep_sc24_ts__2012-01-02_08-00.json,gsep_298_1,2012-01-02 08:00:00,2012-01-02 20:00:00,not_found,,,0,
oneoutput/original_release_outputs/release_gsep_sc24_ts__2012-01-19_07-20.json,gsep_299,2012-01-19 07:20:00,2012-01-19 19:20:00,not_found,,,0,
oneoutput/original_release_outputs/release_gsep_sc24_ts__2012-01-21_06-00.json,gsep_299_1,2012-01-21 06:00:00,2012-01-21 18:00:00,not_found,,,0,
oneoutput/original_release_outputs/release_gsep_sc24_ts__2012-01-22_17-30.json,gsep_300,2012-01-22 17:30:00,2012-01-23 05:30:00,not_found,,,0,
oneoutput/original_release_outputs/release_gsep_sc24_ts__2012-01-27_07-05.json,gsep_301,2012-01-27 07:05:00,2012-01-27 19:05:00,close,2012-01-27 18:45:00,-20.00,15,
oneoutput/original_release_outputs/release_gsep_sc24_ts__2012-02-24_09-30.json,gsep_302,2012-02-24 09:30:00,2012-02-24 21:30:00,close,2012-02-24 20:45:00,-45.00,88,
oneoutput/original_release_outputs/release_gsep_sc24_ts__2012-03-04_11-10.json,gsep_303,2012-03-04 11:10:00,2012-03-04 23:10:00,close,2012-03-04 21:50:00,-80.00,64,
oneoutput/original_release_outputs/release_gsep_sc24_ts__2012-03-06_17-00.json,gsep_304,2012-03-06 17:00:00,2012-03-07 05:00:00,not_found,,,6,
oneoutput/original_release_outputs/release_gsep_sc24_ts__2012-03-13_06-10.json,gsep_305,2012-03-13 06:10:00,2012-03-13 18:10:00,close,2012-03-13 17:10:00,-60.00,24,
oneoutput/original_release_outputs/release_gsep_sc24_ts__2012-05-16_14-15.json,gsep_306,2012-05-16 14:15:00,2012-05-17 02:15:00,not_found,,,5,
oneoutput/original_release_outputs/release_gsep_sc24_ts__2012-05-26_17-05.json,gsep_307,2012-05-26 17:05:00,2012-05-27 05:05:00,close,2012-05-27 05:00:00,-5.00,49,
oneoutput/original_release_outputs/release_gsep_sc24_ts__2012-06-16_07-25.json,gsep_308,2012-06-16 07:25:00,2012-06-16 19:25:00,close,2012-06-16 19:15:00,-10.00,41,
oneoutput/original_release_outputs/release_gsep_sc24_ts__2012-07-06_16-00.json,gsep_309,2012-07-06 16:00:00,2012-07-07 04:00:00,not_found,,,22,
oneoutput/original_release_outputs/release_gsep_sc24_ts__2012-07-08_13-10.json,gsep_310,2012-07-08 13:10:00,2012-07-09 01:10:00,close,2012-07-09 01:05:00,-5.00,19,
oneoutput/original_release_outputs/release_gsep_sc24_ts__2012-07-12_06-35.json,gsep_311,2012-07-12 06:35:00,2012-07-12 18:35:00,close,2012-07-12 17:10:00,-85.00,33,
oneoutput/original_release_outputs/release_gsep_sc24_ts__2012-07-17_05-05.json,gsep_312,2012-07-17 05:05:00,2012-07-17 17:05:00,close,2012-07-17 17:00:00,-5.00,19,
oneoutput/original_release_outputs/release_gsep_sc24_ts__2012-07-18_18-40.json,gsep_313,2012-07-18 18:40:00,2012-07-19 06:40:00,not_found,,,0,
oneoutput/original_release_outputs/release_gsep_sc24_ts__2012-07-23_03-45.json,gsep_314,2012-07-23 03:45:00,2012-07-23 15:45:00,close,2012-07-23 15:10:00,-35.00,32,
oneoutput/original_release_outputs/release_gsep_sc24_ts__2012-08-02_02-15.json,gsep_314_1,2012-08-02 02:15:00,2012-08-02 14:15:00,close,2012-08-02 13:50:00,-25.00,24,
oneoutput/original_release_outputs/release_gsep_sc24_ts__2012-09-01_01-35.json,gsep_315,2012-09-01 01:35:00,2012-09-01 13:35:00,close,2012-09-01 13:25:00,-10.00,9,
oneoutput/original_release_outputs/release_gsep_sc24_ts__2012-09-27_15-00.json,gsep_316,2012-09-27 15:00:00,2012-09-28 03:00:00,not_found,,,0,
oneoutput/original_release_outputs/release_gsep_sc24_ts__2012-11-08_00-00.json,gsep_316_1,2012-11-08 00:00:00,2012-11-08 12:00:00,not_found,,,0,
oneoutput/original_release_outputs/release_gsep_sc24_ts__2012-12-13_18-15.json,gsep_317,2012-12-13 18:15:00,2012-12-14 06:15:00,not_found,,,0,
oneoutput/original_release_outputs/release_gsep_sc24_ts__2013-01-16_10-35.json,gsep_318,2013-01-16 10:35:00,2013-01-16 22:35:00,not_found,,,44,
oneoutput/original_release_outputs/release_gsep_sc24_ts__2013-03-16_07-05.json,gsep_319,2013-03-16 07:05:00,2013-03-16 19:05:00,not_found,,,0,
oneoutput/original_release_outputs/release_gsep_sc24_ts__2013-04-10_22-20.json,gsep_320,2013-04-10 22:20:00,2013-04-11 10:20:00,not_found,,,0,
oneoutput/original_release_outputs/release_gsep_sc24_ts__2013-04-20_21-00.json,gsep_320_1,2013-04-20 21:00:00,2013-04-21 09:00:00,not_found,,,0,
oneoutput/original_release_outputs/release_gsep_sc24_ts__2013-04-24_11-00.json,gsep_320_2,2013-04-24 11:00:00,2013-04-24 23:00:00,not_found,,,0,
oneoutput/original_release_outputs/release_gsep_sc24_ts__2013-05-13_06-00.json,gsep_320_3,2013-05-13 06:00:00,2013-05-13 18:00:00,close,2013-05-13 17:50:00,-10.00,34,
oneoutput/original_release_outputs/release_gsep_sc24_ts__2013-05-15_01-30.json,gsep_321,2013-05-15 01:30:00,2013-05-15 13:30:00,not_found,,,0,
oneoutput/original_release_outputs/release_gsep_sc24_ts__2013-05-22_03-05.json,gsep_322,2013-05-22 03:05:00,2013-05-22 15:05:00,not_found,,,0,
oneoutput/original_release_outputs/release_gsep_sc24_ts__2013-06-21_02-00.json,gsep_322_1,2013-06-21 02:00:00,2013-06-21 14:00:00,not_found,,,39,
oneoutput/original_release_outputs/release_gsep_sc24_ts__2013-06-23_08-10.json,gsep_323,2013-06-23 08:10:00,2013-06-23 20:10:00,close,2013-06-23 19:40:00,-30.00,25,
oneoutput/original_release_outputs/release_gsep_sc24_ts__2013-08-17_09-00.json,gsep_323_1,2013-08-17 09:00:00,2013-08-17 21:00:00,close,2013-08-17 19:55:00,-65.00,57,
oneoutput/original_release_outputs/release_gsep_sc24_ts__2013-08-20_04-00.json,gsep_323_2,2013-08-20 04:00:00,2013-08-20 16:00:00,close,2013-08-20 16:05:00,5.00,92,
oneoutput/original_release_outputs/release_gsep_sc24_ts__2013-09-29_17-05.json,gsep_324,2013-09-29 17:05:00,2013-09-30 05:05:00,close,2013-09-30 04:55:00,-10.00,1,
oneoutput/original_release_outputs/release_gsep_sc24_ts__2013-10-27_18-00.json,gsep_324_1,2013-10-27 18:00:00,2013-10-28 06:00:00,not_found,,,74,
oneoutput/original_release_outputs/release_gsep_sc24_ts__2013-10-29_14-00.json,gsep_324_2,2013-10-29 14:00:00,2013-10-30 02:00:00,not_found,,,0,
oneoutput/original_release_outputs/release_gsep_sc24_ts__2013-11-01_19-00.json,gsep_324_3,2013-11-01 19:00:00,2013-11-02 07:00:00,not_found,,,0,
oneoutput/original_release_outputs/release_gsep_sc24_ts__2013-11-06_13-00.json,gsep_324_4,2013-11-06 13:00:00,2013-11-07 01:00:00,not_found,,,22,
oneoutput/original_release_outputs/release_gsep_sc24_ts__2013-11-09_21-05.json,gsep_324_5,2013-11-09 21:05:00,2013-11-10 09:05:00,not_found,,,10,
oneoutput/original_release_outputs/release_gsep_sc24_ts__2013-11-19_00-00.json,gsep_324_6,2013-11-19 00:00:00,2013-11-19 12:00:00,not_found,,,0,
oneoutput/original_release_outputs/release_gsep_sc24_ts__2013-12-13_18-00.json,gsep_324_7,2013-12-13 18:00:00,2013-12-14 06:00:00,not_found,,,14,
oneoutput/original_release_outputs/release_gsep_sc24_ts__2013-12-25_20-00.json,gsep_324_8,2013-12-25 20:00:00,2013-12-26 08:00:00,not_found,,,0,
oneoutput/original_release_outputs/release_gsep_sc24_ts__2013-12-28_09-50.json,gsep_325,2013-12-28 09:50:00,2013-12-28 21:50:00,not_found,,,2,
oneoutput/original_release_outputs/release_gsep_sc24_ts__2014-01-05_21-15.json,gsep_326,2014-01-05 21:15:00,2014-01-06 09:15:00,close,2014-01-06 08:40:00,-35.00,60,
oneoutput/original_release_outputs/release_gsep_sc24_ts__2014-01-07_07-55.json,gsep_327,2014-01-07 07:55:00,2014-01-07 19:55:00,not_found,,,0,
oneoutput/original_release_outputs/release_gsep_sc24_ts__2014-02-17_21-00.json,gsep_327_1,2014-02-17 21:00:00,2014-02-18 09:00:00,not_found,,,96,
oneoutput/original_release_outputs/release_gsep_sc24_ts__2014-02-18_21-00.json,gsep_327_2,2014-02-18 21:00:00,2014-02-19 09:00:00,close,2014-02-19 09:00:00,0.00,82,
oneoutput/original_release_outputs/release_gsep_sc24_ts__2014-02-19_20-50.json,gsep_328,2014-02-19 20:50:00,2014-02-20 08:50:00,close,2014-02-20 08:10:00,-40.00,9,
oneoutput/original_release_outputs/release_gsep_sc24_ts__2014-02-25_02-10.json,gsep_329,2014-02-25 02:10:00,2014-02-25 14:10:00,not_found,,,0,
oneoutput/original_release_outputs/release_gsep_sc24_ts__2014-03-24_18-00.json,gsep_329_1,2014-03-24 18:00:00,2014-03-25 06:00:00,close,2014-03-25 06:00:00,0.00,52,
oneoutput/original_release_outputs/release_gsep_sc24_ts__2014-03-29_06-00.json,gsep_329_2,2014-03-29 06:00:00,2014-03-29 18:00:00,not_found,,,0,
oneoutput/original_release_outputs/release_gsep_sc24_ts__2014-04-18_03-25.json,gsep_330,2014-04-18 03:25:00,2014-04-18 15:25:00,not_found,,,8,
oneoutput/original_release_outputs/release_gsep_sc24_ts__2014-08-25_06-00.json,gsep_330_1,2014-08-25 06:00:00,2014-08-25 18:00:00,not_found,,,29,
oneoutput/original_release_outputs/release_gsep_sc24_ts__2014-09-01_06-00.json,gsep_330_2,2014-09-01 06:00:00,2014-09-01 18:00:00,close,2014-09-01 16:10:00,-110.00,112,
oneoutput/original_release_outputs/release_gsep_sc24_ts__2014-09-10_14-40.json,gsep_331,2014-09-10 14:40:00,2014-09-11 02:40:00,close,2014-09-11 02:35:00,-5.00,26,
oneoutput/original_release_outputs/release_gsep_sc24_ts__2014-11-02_09-10.json,gsep_332,2014-11-02 09:10:00,2014-11-02 21:10:00,not_found,,,16,
oneoutput/original_release_outputs/release_gsep_sc24_ts__2014-12-13_12-55.json,gsep_332_1,2014-12-13 12:55:00,2014-12-14 00:55:00,close,2014-12-14 01:10:00,15.00,61,
oneoutput/original_release_outputs/release_gsep_sc24_ts__2014-12-20_20-00.json,gsep_332_2,2014-12-20 20:00:00,2014-12-21 08:00:00,close,2014-12-21 07:35:00,-25.00,27,
oneoutput/original_release_outputs/release_gsep_sc24_ts__2014-12-22_12-00.json,gsep_332_3,2014-12-22 12:00:00,2014-12-23 00:00:00,close,2014-12-23 00:00:00,0.00,123,
oneoutput/original_release_outputs/release_gsep_sc24_ts__2015-01-27_07-00.json,gsep_332_4,2015-01-27 07:00:00,2015-01-27 19:00:00,not_found,,,9,
oneoutput/original_release_outputs/release_gsep_sc24_ts__2015-02-20_22-00.json,gsep_332_5,2015-02-20 22:00:00,2015-02-21 10:00:00,not_found,,,10,
oneoutput/original_release_outputs/release_gsep_sc24_ts__2015-03-14_14-00.json,gsep_332_6,2015-03-14 14:00:00,2015-03-15 02:00:00,not_found,,,34,
oneoutput/original_release_outputs/release_gsep_sc24_ts__2015-03-15_13-00.json,gsep_332_7,2015-03-15 13:00:00,2015-03-16 01:00:00,not_found,,,1,
oneoutput/original_release_outputs/release_gsep_sc24_ts__2015-04-21_18-00.json,gsep_332_8,2015-04-21 18:00:00,2015-04-22 06:00:00,close,2015-04-22 06:00:00,0.00,38,
oneoutput/original_release_outputs/release_gsep_sc24_ts__2015-05-11_16-00.json,gsep_332_9,2015-05-11 16:00:00,2015-05-12 04:00:00,close,2015-05-12 04:00:00,0.00,154,
oneoutput/original_release_outputs/release_gsep_sc24_ts__2015-06-17_21-25.json,gsep_333,2015-06-17 21:25:00,2015-06-18 09:25:00,close,2015-06-18 08:05:00,-80.00,49,
oneoutput/original_release_outputs/release_gsep_sc24_ts__2015-06-21_08-35.json,gsep_334,2015-06-21 08:35:00,2015-06-21 20:35:00,close,2015-06-21 20:30:00,-5.00,48,
oneoutput/original_release_outputs/release_gsep_sc24_ts__2015-06-25_14-30.json,gsep_335,2015-06-25 14:30:00,2015-06-26 02:30:00,not_found,,,33,
oneoutput/original_release_outputs/release_gsep_sc24_ts__2015-07-01_06-00.json,gsep_335_1,2015-07-01 06:00:00,2015-07-01 18:00:00,close,2015-07-01 18:00:00,0.00,74,
oneoutput/original_release_outputs/release_gsep_sc24_ts__2015-09-20_06-00.json,gsep_335_2,2015-09-20 06:00:00,2015-09-20 18:00:00,close,2015-09-20 18:15:00,15.00,11,
oneoutput/original_release_outputs/release_gsep_sc24_ts__2015-09-30_08-30.json,gsep_335_3,2015-09-30 08:30:00,2015-09-30 20:30:00,not_found,,,6,
oneoutput/original_release_outputs/release_gsep_sc24_ts__2015-10-22_02-00.json,gsep_335_4,2015-10-22 02:00:00,2015-10-22 14:00:00,not_found,,,5,
oneoutput/original_release_outputs/release_gsep_sc24_ts__2015-10-28_17-50.json,gsep_336,2015-10-28 17:50:00,2015-10-29 05:50:00,not_found,,,35,
oneoutput/original_release_outputs/release_gsep_sc24_ts__2015-11-09_04-00.json,gsep_336_1,2015-11-09 04:00:00,2015-11-09 16:00:00,not_found,,,31,
oneoutput/original_release_outputs/release_gsep_sc24_ts__2015-12-28_02-00.json,gsep_336_2,2015-12-28 02:00:00,2015-12-28 14:00:00,close,2015-12-28 13:00:00,-60.00,120,
oneoutput/original_release_outputs/release_gsep_sc24_ts__2016-01-01_16-30.json,gsep_337,2016-01-01 16:30:00,2016-01-02 04:30:00,close,2016-01-02 04:20:00,-10.00,29,
oneoutput/original_release_outputs/release_gsep_sc24_ts__2016-03-15_19-00.json,gsep_337_1,2016-03-15 19:00:00,2016-03-16 07:00:00,close,2016-03-16 06:15:00,-45.00,31,
oneoutput/original_release_outputs/release_gsep_sc24_ts__2016-04-17_20-00.json,gsep_337_2,2016-04-17 20:00:00,2016-04-18 08:00:00,not_found,,,50,
oneoutput/original_release_outputs/release_gsep_sc24_ts__2016-05-15_05-00.json,gsep_337_3,2016-05-15 05:00:00,2016-05-15 17:00:00,not_found,,,24,
oneoutput/original_release_outputs/release_gsep_sc24_ts__2016-07-22_18-00.json,gsep_337_4,2016-07-22 18:00:00,2016-07-23 06:00:00,close,2016-07-23 05:10:00,-50.00,23,
oneoutput/original_release_outputs/release_gsep_sc24_ts__2017-07-13_21-00.json,gsep_338,2017-07-13 21:00:00,2017-07-14 09:00:00,close,2017-07-14 08:30:00,-30.00,67,
oneoutput/original_release_outputs/release_gsep_sc24_ts__2017-07-24_15-00.json,gsep_338_1,2017-07-24 15:00:00,2017-07-25 03:00:00,close,2017-07-25 01:30:00,-90.00,78,
oneoutput/original_release_outputs/release_gsep_sc24_ts__2017-09-04_12-40.json,gsep_339,2017-09-04 12:40:00,2017-09-05 00:40:00,not_found,,,24,
oneoutput/original_release_outputs/release_gsep_sc24_ts__2017-09-06_00-35.json,gsep_340,2017-09-06 00:35:00,2017-09-06 12:35:00,not_found,,,0,
oneoutput/original_release_outputs/release_gsep_sc24_ts__2017-09-10_04-45.json,gsep_341,2017-09-10 04:45:00,2017-09-10 16:45:00,close,2017-09-10 16:35:00,-10.00,54,
